<?xml version="1.0" encoding="utf-8"?>
<install type="module" version="1.5.0">
    <name>VehicleManager Location Map PRO</name>
    <author>OrdaSoft</author> 
    <creationDate>June 2013</creationDate>
    <copyright>(C) 2012 Andrey Kvasnevskiy-OrdaSoft(akbet@mail.ru)</copyright>
    <authorEmail>akbet@ordasoft.com, brovinho@mail.ru</authorEmail>
    <version>2.2 Pro</version>
 
    <description>Location Map module for Vehicle manager component.
    You can add markers of your vehicles on the map . You can then load these modules in your content pages using {loadposition position}.</description>

    <files>
        <filename module="mod_vehiclemanager_location_map_pro">mod_vehiclemanager_location_map_pro.php</filename>
        <filename>mod_vehiclemanager_location_map_pro_j3.php</filename>
        <filename>mod_vehiclemanager_location_map_pro_j3.xml</filename>
        <filename>index.html</filename>
	<folder>tmpl</folder>        
    </files>

    <params>
              <param
                name="layout" type="list" default="default"
                label="Alternative Layout"
                description="Use a different layout from the supplied module or overrides in the templates.">
                   <option value="default">Default</option>               
             </param>
             
                <param name="map_width" type="text" default="400" label="Width of map (px)" description="The width of your location map (in px)">
		    <option value="0">Hide</option>
                    <option value="1">Show</option>
                </param>
		
                <param name="map_height" type="text" default="250" label="Height of map (px)" description="The  height of your location map (in px)">
		    <option value="0">Hide</option>
                    <option value="1">Show</option>
                </param>
		
                <param name="menu_map" type="radio" default="1" label="Map Type Menu" description="Show Map Type Menu (Map-Satellite-Hybrid)">
                    <option value="0">Hide</option>
                    <option value="1">Show</option>
                </param>
		
                <param name="control_map" type="radio" default="1" label="Map Controls Menu" description="Show Map Controls (Up-Down-Left-Right)">
                    <option value="0">Hide</option>
                    <option value="1">Show</option>
                </param>
		
                <param name="new_target" type="radio" default="1" label="Open vehicle in new tab" description="Show vehicle in new tab when user click on the marker">
                    <option value="0">No</option>
                    <option value="1">Yes</option>
                </param>
		
                <field name="vehicles" type="text" default="5" label="Count of vehicles " description="Count of vehicles. Zero means do not display vehicles"/>
                <field name="cat_id" type="text" default="" label="IDs of categories" description="Input IDs of categories through a comma to show all vehicles of this categories. Leave the param empty if you want to show vehicles of all categories. Caution! Do not input IDs of vehicles and categories together!" />
                <field name="vehicle_id" type="text" default="" label="IDs of vehicles" description="Input IDs of vehicles through a comma. Leave the param empty if you want to show all vehicles. Caution! Do not input IDs of vehicles and categories together!" />
                <field name="moduleclass_sfx" type="text" default="" label="Module Class Suffix" description="Suffix for the css class of the module, to allow individual module styling" /> 
                <field name="ItemId" type="text" multiple="false" size="3" default="" label="ItemId" description="Enter Id for Menu Item vehiclemanager" >
            </field>
           
	
    </params>

    <config>
        <fields name="params">
            <fieldset name="advanced">
                <field
			name="layout"
			type="modulelayout"
			label="JFIELD_ALT_LAYOUT_LABEL"
			description="JFIELD_ALT_MODULE_LAYOUT_DESC" />
                <field name="map_width" type="text" default="400" label="Width of map (px)" description="The width of your location map (in px)" />
                <field name="map_height" type="text" default="250" label="Height of map (px)" description="The  height of your location map (in px)" />
                <field name="menu_map" type="radio" default="1" label="Map Type Menu" description="Show Map Type Menu (Map-Satellite-Hybrid)">
                    <option value="0">Hide</option>
                    <option value="1">Show</option>
                </field>
                <field name="control_map" type="radio" default="1" label="Map Controls Menu" description="Show Map Controls (Up-Down-Left-Right)">
                    <option value="0">Hide</option>
                    <option value="1">Show</option>
                </field>
                <field name="new_target" type="radio" default="1" label="Open vehicle in new tab" description="Show vehicle in new tab when user click on the marker">
                    <option value="0">No</option>
                    <option value="1">Yes</option>
                </field>
                <field name="vehicles" type="text" default="3" label="Count of vehicles " description="Count of vehicles. Zero means do not display vehicles"/>
                <field name="cat_id" type="text" default="" label="IDs of categories" description="Input IDs of categories through a comma to show all vehicles of this categories. Leave the field empty if you want to show vehicles of all categories. Caution! Do not input IDs of vehicles and categories together!" />
                <field name="vehicle_id" type="text" default="" label="IDs of vehicles" description="Input IDs of vehicles through a comma. Leave the field empty if you want to show all vehicles. Caution! Do not input IDs of vehicles and categories together!" />
                <field name="moduleclass_sfx" type="text" default="" label="Module Class Suffix" description="Suffix for the css class of the module, to allow individual module styling" /> 
                <field name="ItemId" type="text" multiple="false" size="3" default="" label="ItemId" description="Enter Id for Menu Item vehiclemanager" />
            </fieldset>
        </fields>   
    </config>
</install>
