<?xml version="1.0" encoding="utf-8"?>
<install type="module" version="1.5.0">
	<name>VehicleManager Top PRO</name>
  <author>OrdaSoft-Sergey Drughinin,Andrey Kvasnevskiy</author>
	<creationDate>June 2013</creationDate>
	<copyright>(C) 2010 OrdaSoft</copyright>
	<license>http://www.gnu.org/copyleft/gpl.html GNU/GPL</license>
	<authorEmail>Sergey Drughinin(Sergey.dru@gmail.com),Andrey Kvasnevskiy(akbet@ordasoft.com)</authorEmail>
	<authorUrl>www.joomlawebserver.com</authorUrl>
	<version>2.2 PRO</version>
	<description>Displays top vehicle items from the VehicleManager component.
                 You can choose the type and number of property items to display.
    </description>
	<files>
		<filename module="mod_vehiclemanager_top_pro">mod_vehiclemanager_top_pro.php</filename>
    <filename>mod_vehiclemanager_top_pro_j3.php</filename>
    <filename>mod_vehiclemanager_top_pro_j3.xml</filename>
        <filename>index.html</filename>
	<folder>tmpl</folder>    
	</files>
	<!--JooMlA 1.5-->
  
  <params>
      
      <param
                name="layout" type="list" default="default"
                label="Alternative Layout"
                description="Use a different layout from the supplied module or overrides in the templates.">
                   <option value="default">Default</option>               
     </param>
    <param name="defaultDesigntop" type="radio" default="1" label="Default Design" description="You can disable default design...">
      <option value="1">Enable</option>
      <option value="0">Disable</option>
    </param>

    <param name="body_colortop" type="text" default="none" label="Background:" description="Change color. Sample: #d6d6d6 or Grey">
    </param>
        
    <param name="sort_by_top" type="list" default="0" label="Sort By" description="Display Top by...">
      <option value="0">Hits</option>
      <option value="1">Date</option>
    </param>
    
    <param name="covers" type="radio" default="1" label="Vehicle  photos" description="Show/Hide photos">
      <option value="0">Hide</option>
      <option value="1">Show</option>
    </param>
    
    <param name="price" type="radio" default="1" label="Vehicle  price" description="Show/Hide price">
      <option value="0">Hide</option>
      <option value="1">Show</option>
    </param>
    
    <param name="cover_height" type="text" default="150" label="Vehicle photos height" description="The height to display Vehicle  photos in px. Widths are auto calculated to keep aspect ratio." />
    
    <param name="image_source_type" type="list" default="1" label="Image source size" description="Image source size. Than more size - than better image quality, but asked more time for load">
					<option value="0">BIG</option>
					<option value="1">MEDIUM</option>
					<option value="2">SMALL</option>
    </param>
    
    <param name="extras" type="radio" default="1" label="Show Hits" description="Show/Hide Hits">
      <option value="0">Hide</option>
      <option value="1">Show</option>
    </param>
    
    <param name="displaytypetop" type="radio" default="0" label="Display Orientation" description="Display either Horizontal or Vertical">
      <option value="0">Vertical</option>
      <option value="1">Horizontal</option>
    </param>
        
    <param name="@spacer" type="spacer" default="" label="" description="" />    
    
    <param name="books" type="text" default="5" label="Number of Vehicles " description="Number of top Vehicles . Zero means no Vehicles to display" >
      
    </param>
  </params>
  
  <params group ="advanced">
    <param name="moduleclass_sfx" type="text" default="" label="Module Class Suffix" description="Suffix for the css class of the module, to allow individual module styling" /> 
    <param  name="ItemId" 
            type="text" 
            multiple="false"
            size="3"
            default=""
            label="ItemId" 
            description="Enter Id for Menu Item vehiclemanager" >
      
    </param>
  </params>  
  
  
    <!--JOOMLA 2.5.3--> 
  <config>
    <fields name="params" >
      <fieldset name="basic">
          
         <field
			name="layout"
			type="modulelayout"
			label="JFIELD_ALT_LAYOUT_LABEL"
			description="JFIELD_ALT_MODULE_LAYOUT_DESC" />
        
        <field name="defaultDesigntop" type="radio" default="1" label="Default Design" description="You can disable default design...">
          <option value="1">Enable</option>
          <option value="0">Disable</option>
        </field>
        
        
        
        <field name="body_colortop" type="text" default="none" label="Background:" description="Change color. Sample: #d6d6d6 or Grey">
        </field>
        
        <field name="sort_by_top" type="list" default="0" label="Sort By" description="Display Top by...">
          <option value="0">Hits</option>
          <option value="1">Date</option>
        </field>
        
        <field name="covers" type="radio" default="1" label="Vehicle  photos" description="Show/Hide photos">
          <option value="0">Hide</option>
          <option value="1">Show</option>
        </field>
        
        <field name="price" type="radio" default="1" label="Vehicle  price" description="Show/Hide price">
          <option value="0">Hide</option>
          <option value="1">Show</option>
        </field>
        
        <field name="cover_height" type="text" default="150" label="Vehicle photos height" description="The height to display Vehicle  photos in px. Widths are auto calculated to keep aspect ratio." />
        
         <field name="image_source_type" type="list" default="1" label="Image source size" description="Image source size. Than more size - than better image quality, but asked more time for load">
					<option value="0">BIG</option>
					<option value="1">MEDIUM</option>
					<option value="2">SMALL</option>
		</field>
        
        <field name="extras" type="radio" default="1" label="Show Hits" description="Show/Hide Hits">
          <option value="0">Hide</option>
          <option value="1">Show</option>
        </field>
        
        <field name="displaytypetop" type="radio" default="0" label="Display Orientation" description="Display either Horizontal or Vertical">
          <option value="0">Vertical</option>
          <option value="1">Horizontal</option>
        </field>
        
        <field name="@spacer" type="spacer" default="" label="" description="" />    
        
        <field name="books" type="text" default="5" label="Number of Vehicles " description="Number of top Vehicles . Zero means no Vehicles to display" />
        
      </fieldset>
      <fieldset name="advanced">
        <field name="moduleclass_sfx" type="text" default="" label="Module Class Suffix" description="Suffix for the css class of the module, to allow individual module styling" /> 
        <field  name="ItemId" 
                type="text" 
                multiple="false"
                size="3"
                default=""
                label="ItemId" 
                description="Enter Id for Menu Item vehiclemanager" />
        
      </fieldset>
    </fields>  
  </config>
  
</install>

