<?xml version="1.0" encoding="utf-8" ?> 
<install type="module" version="1.5.0"> 
<name>VehicleManager New Vehicle Extended pro</name> 
<author>OrdaSoft - Andrey Kvasnevskiy</author> 
<creationDate>June 2013</creationDate>
<license>http://www.gnu.org/licenses/gpl-2.0.html GNU/GPL</license>
<copyright>(C) 2011 OrdaSoft, Andrey Kvasnevskiy</copyright>
<authorEmail>Andrey Kvasnevskiy(akbet@ordasoft.com)</authorEmail>
<authorUrl>www.ordasoft.com</authorUrl>
<version>3.0 pro</version>
<description> 
Displays the newest vehicle  from VehicleManager. 
<p>Added the posssibility to choose the number of vehicle to display, limit the number of words to show from the vehicle description, show/hide the vehicle title.
</p> 
</description> 
<files> 
<filename module="mod_vehiclemanager_new_pro">mod_vehiclemanager_new_pro.php</filename>
<filename>index.html</filename>
<folder>tmpl</folder> 
</files> 
<!-- joomla 1.5-->
<params>
            <param
                name="layout" type="list" default="default"
                label="Alternative Layout"
                description="Use a different layout from the supplied module or overrides in the templates.">
                   <option value="default">Default</option>               
             </param>
	<param name="defaultDesign" type="radio" default="1" label="Default Design" description="You can disable default design...">
                <option value="1">Enable</option>
                <option value="0">Disable</option>
            </param>

			<param name="background" type="text" default="none" label="Background" description="Change color. Sample: #d6d6d6 or Grey">
			</param>
			
			<param name="count" type="text" extension="com_vehiclemanager" default="5" label="Item Count" description="The number of Vehicles to display" /> 
            <param name="words" type="text" extension="com_vehiclemanager" default="10" label="Description Words Count" description="Word limit for Vehicle description.  Zero means no description, blank means no limit" /> 

            <param name="sortnewby" type="radio" extension="com_vehiclemanager" default="1" label="Sort New Title By" description="Define what is a new title">
                <option value="0">Last Edited</option>
                <option value="1">Last Added</option>
            </param>

            <param name="showtitle" type="radio" extension="com_vehiclemanager" default="1" label="Show Title" description="Show or hide the Vehicle Title">
                <option value="0">Hide</option>
                <option value="1">Show</option>
            </param>
			
            <param name="showdescription" type="radio" extension="com_vehiclemanager" default="1" label="Show Description" description="Show or hide the Vehicle Description">
                <option value="0">Hide</option>
                <option value="1">Show</option>
            </param>
			
            <param name="showimage" type="radio" extension="com_vehiclemanager" default="1" label="Show Image" description="Show or hide the Vehicle Image">
                <option value="0">Hide</option>
                <option value="1">Show</option>
            </param>
             <param name="image_source_type" type="list" default="1" label="Image source size" description="Image source size. Than more size - than better image quality, but asked more time for load">
					<option value="0">BIG</option>
					<option value="1">MEDIUM</option>
					<option value="2">SMALL</option>
		</param>

            <param name="imagesize" type="text" extension="com_vehiclemanager" default="150" label="Image Height" description="Set the height of the Image (width will auto work out by keeping ratio)" />

            <param name="displaytype" type="radio" extension="com_vehiclemanager" default="0" label="Display Orientation" description="Display either Horizontal or Vertical">
                <option value="0">Vertical</option>
                <option value="1">Horizontal</option>
            </param>
	 </params>
<!-- joomla 2.5.3-->	 
<config>
      <fields name="params" >
        <fieldset name="basic">
	<field
			name="layout"
			type="modulelayout"
			label="JFIELD_ALT_LAYOUT_LABEL"
			description="JFIELD_ALT_MODULE_LAYOUT_DESC" />		
			<field name="defaultDesign" type="radio" default="1" label="Default Design" description="You can disable default design...">
                <option value="1">Enable</option>
                <option value="0">Disable</option>
            </field>
			
			<field name="background" type="text" default="none" label="Background" description="Change color. Sample: #d6d6d6 or Grey">
			</field>
			
            <field name="count" type="text" extension="com_vehiclemanager" default="5" label="Item Count" description="The number of Vehicles to display" /> 
            <field name="words" type="text" extension="com_vehiclemanager" default="10" label="Description Words Count" description="Word limit for Vehicle description.  Zero means no description, blank means no limit" /> 
			
            <field name="sortnewby" type="radio" extension="com_vehiclemanager" default="1" label="Sort Vehicles By" description="Define what is a new title">
                <option value="0">Last Edited</option>
                <option value="1">Last Added</option>
            </field>

            <field name="showtitle" type="radio" extension="com_vehiclemanager" default="1" label="Show Title" description="Show or hide the Vehicle Title">
                <option value="0">Hide</option>
                <option value="1">Show</option>
            </field>

            <field name="showdescription" type="radio" extension="com_vehiclemanager" default="1" label="Show Description" description="Show or hide the Vehicle Description">
                <option value="0">Hide</option>
                <option value="1">Show</option>
            </field>
			
            <field name="showimage" type="radio" extension="com_vehiclemanager" default="1" label="Show Image" description="Show or hide the Vehicle Image">
                <option value="0">Hide</option>
                <option value="1">Show</option>
            </field>

            <field name="imagesize" type="text" extension="com_vehiclemanager" default="150" label="Image Height" description="Set the height of the Image (width will auto work out by keeping ratio)" />

              <field name="image_source_type" type="list" default="1" label="Image source size" description="Image source size. Than more size - than better image quality, but asked more time for load">
					<option value="0">BIG</option>
					<option value="1">MEDIUM</option>
					<option value="2">SMALL</option>
		</field>
            <field name="displaytype" type="radio" extension="com_vehiclemanager" default="0" label="Display Orientation" description="Display either Horizontal or Vertical">
                <option value="0">Vertical</option>
                <option value="1">Horizontal</option>
            </field>

      </fieldset>
      <fieldset name="advanced">
        <field name="moduleclass_sfx" type="text" default="" label="Module Class Suffix" description="Suffix for the css class of the module, to allow individual module styling" /> 
        <field  name="ItemId" 
                type="text" 
                multiple="false"
                size="3"
                default=""
                label="ItemId" 
                description="Enter Id for Menu Item vehiclemanager" />
        
      </fieldset>
      
    </fields>      
	</config>	 
</install>
