<?xml version="1.0" encoding="utf-8"?>
<install type="module" version="1.5.0">
	<name>Vehicle Manager Top 10 PRO</name>
  <author>OrdaSoft-Sergey Drughinin,Andrey Kvasnevskiy</author>
  <creationDate>June 2013</creationDate>
  <copyright>(C) 2011 Andrey Kvasnevskiy-OrdaSoft(akbet@mail.ru)</copyright>
  <authorEmail>Andrey Kvasnevskiy(akbet@ordasoft.com)</authorEmail>
  <authorUrl>www.ordasoft.com</authorUrl>
  <version>2.2 PRO</version>
	<description>Displays the most 10 visited Vehicles .</description>
	<files>
		<filename module="mod_vehiclemanager_top10_pro">mod_vehiclemanager_top10_pro.php</filename>
    <filename>mod_vehiclemanager_top10_pro_j3.php</filename>
    <filename>mod_vehiclemanager_top10_pro_j3.xml</filename>
        <filename>index.html</filename>
	<folder>tmpl</folder>        
	</files>
<params>
         <param
                name="layout" type="list" default="default"
                label="Alternative Layout"
                description="Use a different layout from the supplied module or overrides in the templates.">
                   <option value="default">Default</option>               
         </param>
             
        <param name="moduleclass_sfx" type="text" default="" label="Module Class Suffix" description="Suffix for the css class of the module, to allow individual module styling" /> 
        <param  name="ItemId" 
                type="text" 
                multiple="false"
                size="3"
                default=""
                label="ItemId" 
                description="Enter Id for Menu Item vehiclemanager" />
        
 </params>
	<config>
    <fields name="params" >
      <fieldset name="advanced">
        	<field
			name="layout"
			type="modulelayout"
			label="JFIELD_ALT_LAYOUT_LABEL"
			description="JFIELD_ALT_MODULE_LAYOUT_DESC" />
        <field name="moduleclass_sfx" type="text" default="" label="Module Class Suffix" description="Suffix for the css class of the module, to allow individual module styling" /> 
        <field  name="ItemId" 
                type="text" 
                multiple="false"
                size="3"
                default=""
                label="ItemId" 
                description="Enter Id for Menu Item vehiclemanager" />
        
      </fieldset>
    </fields>
  </config>
</install>
