<?xml version="1.0" encoding="utf-8"?>
<extension version="3.0" type="plugin" group="payment" method="upgrade">
	<name>Payment - Paypal</name>
	<author>www.ordasoft.com / M.Vovk</author>
	<creationDate>Oct 2013</creationDate>
    <copyright>Copyright © 2013 ordasoft.com. All rights reserved.</copyright>
    <authorEmail>support@ordasoft.com</authorEmail>
	<authorUrl>http://www.ordasoft.com</authorUrl>
	<version>1.0.1</version>
	<description>Paypal payment plugin for Vehicle Manager Joomla Extension</description>
	<files>
		<filename plugin="paypal">paypal.php</filename>
		<filename plugin="paypal">paypal.xml</filename>
		<filename plugin="paypal">payment_success.php</filename>
		<folder>paypal</folder>
	</files>
	<config>
		<fields name="params">
			<fieldset name="basic">
                <field name="paypal_email" type="text" default="" label="Your PayPal email: " description="Your PayPal email"/>
                <!--<field name="return_url" type="text" default="" label="Successful return url: " description="Successful return url"/>-->
                <field name="image_url" type="text" default="" label="Image url: " description="Image url"/>
                <!--<field name="cancel_url" type="text" default="" label="Cancel return url: " description="Cancel return url"/>-->
                <field name="paypal_real_or_test" type="radio" default="0" label="Real(yes) or a test(no) PayPal account:" description="Real(yes) or a test(no) PayPal account">
                      <option value="0">NO</option>
                      <option value="1">YES</option>
                </field>
                <field name="plugin_name" type="text" default="Paypal" label="Plugin Name" description="" />
                <field name="plugin_hidname" type="hidden" default="paypal" />
				</fieldset>
		</fields>
	</config>
</extension>
