<?xml version="1.0" encoding="utf-8"?>
<extension type="module" version="3.0.0">
    <name>Vehicle OS TouchSlider</name>
    <author>OrdaSoft</author>
    <creationDate>June 2013</creationDate>
    <copyright>OrdaSoft 2013</copyright>
    <license>http://www.gnu.org/licenses/gpl-2.0.html GNU/GPL</license>
    <authorEmail>akbet@mail.ru</authorEmail>
    <authorUrl>http://ordasoft.com</authorUrl>
    <version>3.0.0</version>
    <description>
        <![CDATA[
            <img src="../modules/mod_vehicle_OS_TouchSlider/images/os_touch_installation_image.png">
        ]]>
    </description>
    <files>
        <filename module="mod_vehicle_OS_TouchSlider">mod_vehicle_OS_TouchSlider.php</filename>
        <folder>assets</folder>
        <folder>helpers</folder>
        <folder>images</folder>
        <folder>tmpl</folder>
        <filename>index.html</filename>
    </files>
    <config>
        <fields name="params" addfieldpath="/modules/mod_vehicle_OS_TouchSlider/fields">

            <fieldset name="components_settings" label="Slideshow options">

                <field name="respect_quite" type="radio" default="0" class="btn-group" label="Respect quite" description="Doesn't cut picturese">
                    <option value="0">JNO</option>
                    <option value="1">JYES</option>
                </field>
                <field name="countSlides" type="text" size="9" default="1" label="Car per slide" description="Quantity of cars displayed per slide. Must be less then count of cars" />
                <field  name="count_car" type="text" extension="com_vehiclemanager"  default="10" label="Cars in the slider" description="Zero means not display any cars.Numbers value mast be more then quantity of cars per slide" />
                <field name="image_source_type" type="list" default="0" label="Image source size" description="Image source size. Than more size - than better image quality, but asked more time for load">
                    <option value="0">Big</option>
                    <option value="1">Medium</option>
                    <option value="2">Small</option>
                </field>
                <field name="width" type="text" size="9" default="400" label="Width" description="Images width in pixels." />
                <field name="height" type="text" size="9" default="300" label="Height" description="Images height in pixels." />
                <field name="type" type="radio" default="horizontal" class="btn-group" label="Slideshow scrolling" description="Select slideshow scrolling type">
                    <option value="horizontal">Horizontal</option>
                    <option value="vertical">Vertical</option>
                </field>
                <field name="link_image" type="radio" default="0" class="btn-group" label="Link image" description="Choose a behavior of clicked image. 'Open image in modal' will open the clicked image in Joomla modal window, it's lightbox-like effect.">
                    <option value="0">Don't link</option>
                    <option value="1">Hyperlink</option>                    
                </field>

                <field name="show_title" type="radio" default="1" class="btn-group" label="Show Title" description="Show or hide slide titles">
                    <option value="0">JNO</option>
                    <option value="1">JYES</option>
                </field>
                <field name="link_title" type="radio" default="1" class="btn-group" label="Link title" description="Make the slide titles linkable">
                  <option value="0">JNO</option>
                  <option value="1">JYES</option>
                </field>
                <field name="limit_title" type="text" default="12" size="10" label="Title limit" description="Set limit in letters for title" />

                <field name="show_desc" type="radio" default="1" class="btn-group" label="Show description" description="Show or hide slide descriptions">
                    <option value="0">JNO</option>
                    <option value="1">JYES</option>
                </field>
                <field name="show_button" type="radio" default="1" class="btn-group" label="Show Button" description="Show or hide slide Button">
                    <option value="0">JNO</option>
                    <option value="1">JYES</option>
                </field>
                <field name="link_desc" type="radio" default="0" class="btn-group" label="Link description" description="Make the slide descriptions linkable">
                  <option value="0">JNO</option>
                  <option value="1">JYES</option>
                </field>
                <field name="limit_desc" type="text" default="15" size="10" label="Description limit" description="Limit slide description to specified numer of characters (description will be cut after a word containing the character at specified position). Leave empty for no limit." />

                <field name="show_address" type="radio" default="1" class="btn-group" label="Show Address" description="Show or hide propery Address">
                  <option value="0">JNO</option>
                  <option value="1">JYES</option>
                </field>
                <field name="link_address" type="radio" default="0" class="btn-group" label="Link Address" description="Make the propery Address linkable">
                  <option value="0">JNO</option>
                  <option value="1">JYES</option>
                </field>
                <field name="limit_address" type="text" default="15" size="10" label="Address limit" description="Limit slide Address to specified numer of characters (Address will be cut after a word containing the character at specified position). Leave empty for no limit." />
                <field  name="cat_id" type="text" extension="com_vehiclemanager"  default=" " label="IDs of categories" description="Input IDs of categories through a comma to show all items of this categories. Leave the field empty if you want to show items of all categories." />
                <field  name="car_id" type="text" extension="com_vehiclemanager"  default=" " label="IDs of cars" description="Input IDs of cars through a comma. Leave the field empty if you want to show all items." />

                <field name="show_price" type="radio" default="1" class="btn-group" label="Show Price" description="Show or hide propery Price">
                  <option value="0">JNO</option>
                  <option value="1">JYES</option>
                </field>
                <field name="link_price" type="radio" default="0" class="btn-group" label="Link Price" description="Make the propery price linkable">
                  <option value="0">JNO</option>
                  <option value="1">JYES</option>
                </field>

                <field name="arrows" type="radio" default="1" class="btn-group" label="Show navigation arrows" description="Show navigation arrows">
                    <option value="0">JNO</option>
                    <option value="1">JYES</option>
                </field>
                <field name="dots" type="radio" default="1" class="btn-group" label="Show navigation dots" description="Show navigation dots">
                    <option value="0">JNO</option>
                    <option value="1">JYES</option>
                </field>
                <field name="autoplay" type="radio" default="1" class="btn-group" label="Auto play" description="Auto play">
                    <option value="0">JNO</option>
                    <option value="1">JYES</option>
                </field>

                <field name="time-interval" type="text" size="9" default="500" label="Transition duration" description="Transition duration have to less then 'Pause duration'" />
                <field name="effect-speed" type="text" size="9" default="3500" label="Pause duration" description="Pause duration have to more then 'Transition duration'" />

            </fieldset>

            <fieldset name="advanced" label="Advanced options">
                <field name="jquery-local" type="radio" class="btn-group" default="0" label="jQuery local" description="jQuery local">
                    <option value="1">On</option>
                    <option value="0">Off</option>
                </field>
                <field name="jquery" type="radio" class="btn-group" default="0" label="jQuery" description="jQuery">
                    <option value="1">On</option>
                    <option value="0">Off</option>
                </field>
                <field name="no-conflict" type="radio" class="btn-group" default="0" label="jQuery.noConflict" description="jQuery.noConflict">
                    <option value="1">On</option>
                    <option value="0">Off</option>
                </field>
                <field name="sufix" type="text" size="9" default="ordasoft" label="Module class sufix" description="Module class sufix" />
            </fieldset>

        </fields>
    </config>
</extension>