<?xml version="1.0" encoding="utf-8"?>
<extension type="module" version="3.0.0">
	<name>VehicleManager Random PRO</name>
	<author>Andrey Kvasnevskiy</author>
	<creationDate>June 2013</creationDate>
	<copyright>(C) 2011 OrdaSoft - Andrey Kvasnevskiy</copyright>
	<authorEmail>akbet@mail.ru</authorEmail>
	<authorUrl>www.ordasoft.com</authorUrl>
	<version>2.2 PRO</version>
  <description>Displays a random selection vehicles from the VehicleManager component in a list with hits.</description>
	<files>
    <filename module="mod_vehiclemanager_random_pro_j3">mod_vehiclemanager_random_pro_j3.php</filename>
    <filename>mod_vehiclemanager_random_pro.php</filename>
    <filename>mod_vehiclemanager_random_pro.xml</filename>
        <filename>index.html</filename>
	<folder>tmpl</folder>    
	</files>

 <!--Joomla 1.5 -->
<params>
      
          <param name="covers" type="radio" extension="com_vehiclemanager" default="0" label="Vehicle  photos" description="Show/Hide photos">
            <option value="0">Hide</option>
            <option value="1">Show</option>
          </param>
          
          <param name="price" type="radio" extension="com_vehiclemanager" default="0" label="Vehicle  price" description="Show/Hide price">
            <option value="0">Hide</option>
            <option value="1">Show</option>
          </param>
          
          <field name="cover_height" type="text" extension="com_vehiclemanager" default="50" label="Vehicle photos height" description="The height to display Vehicle  photos in px." />

          <field name="cover_width" type="text" extension="com_vehiclemanager" default="50" label="Vehicle photos width" description="The width to display Vehicle  photos in px." />
          
          <param name="extras" type="radio" extension="com_vehiclemanager" default="1" label="Show Hits" description="Show/Hide Hits">
            <option value="0">Hide</option>
            <option value="1">Show</option>
          </param>
          
          <field name="@spacer" type="spacer" extension="com_vehiclemanager" default="" label="" description="" />    
          
          <field name="count_vehicle" type="text" extension="com_vehiclemanager" default="5" label="Number of Vehicles " description="Number of top Vehicles . Zero means no Vehicles to display">
           </field>
	   <!--Ned to correkt!!!!!!-->
	</params>   
	  <params group="advanced">
	  <param name="moduleclass_sfx" type="text" default="" label="Module Class Suffix" description="Suffix for the css class of the module, to allow individual module styling"/> 
          <param  name="ItemId" 
                  type="text" 
                  multiple="false"
                  size="3"
                  default=""
                  label="ItemId" 
                  description="Enter Id for Menu Item vehiclemanager">
          
		</param>
	      </params>
          
	
 <!--Joomla 2.5.3 -->	
  <config>
    <fields name="params" >
      <fieldset name="basic">
          	<field
			name="layout"
			type="modulelayout"
			label="JFIELD_ALT_LAYOUT_LABEL"
			description="JFIELD_ALT_MODULE_LAYOUT_DESC" />	
          
          <field name="covers" type="radio" extension="com_vehiclemanager" default="0" label="Vehicle  photos" description="Show/Hide photos">
            <option value="0">Hide</option>
            <option value="1">Show</option>
          </field>
          
          <field name="price" type="radio" extension="com_vehiclemanager" default="0" label="Vehicle  price" description="Show/Hide price">
            <option value="0">Hide</option>
            <option value="1">Show</option>
          </field>
          
          <field name="cover_height" type="text" extension="com_vehiclemanager" default="50" label="Vehicle photos height" description="The height to display Vehicle  photos in px." />

          <field name="cover_width" type="text" extension="com_vehiclemanager" default="50" label="Vehicle photos width" description="The width to display Vehicle  photos in px." />
          
          <field name="image_source_type" type="list" default="1" label="Image source size" description="Image source size. Than more size - than better image quality, but asked more time for load">
					<option value="0">BIG</option>
					<option value="1">MEDIUM</option>
					<option value="2">SMALL</option>
		</field>
          <field name="extras" type="radio" extension="com_vehiclemanager" default="1" label="Show Hits" description="Show/Hide Hits">
            <option value="0">Hide</option>
            <option value="1">Show</option>
          </field>
          
          <field name="@spacer" type="spacer" extension="com_vehiclemanager" default="" label="" description="" />    
          
          <field name="count_vehicle" type="text" extension="com_vehiclemanager" default="5" label="Number of Vehicles " description="Number of top Vehicles . Zero means no Vehicles to display" />
  
        </fieldset>
        <fieldset name="advanced">
          <field name="moduleclass_sfx" type="text" default="" label="Module Class Suffix" description="Suffix for the css class of the module, to allow individual module styling" /> 
          <field  name="ItemId" 
                  type="text" 
                  multiple="false"
                  size="3"
                  default=""
                  label="ItemId" 
                  description="Enter Id for Menu Item vehiclemanager" />
          
      </fieldset>
    </fields>      
</config>	 
  
</extension>