<?xml version="1.0" encoding="iso-8859-1"?>
<install type="xmap_ext" version="1.5">
        <name>Xmap plugin for VehicleManager</name>
        <author>OrdaSoft-Sergey Drughinin,Andrey Kvasnevskiy</author>
        <creationDate>2010</creationDate>
        <copyright>(C) 2010 OrdaSoft</copyright>
        <license>http://www.gnu.org/copyleft/gpl.html GNU/GPL</license>
        <authorEmail>Sergey Drughinin(Sergey.dru@gmail.com),Andrey Kvasnevskiy(akbet@ordasoft.com)</authorEmail>
        <authorUrl>http://www.ordasoft.com</authorUrl>
        <version>1.6</version>
        <description>Plugin for XMAP for VehicleManager component.</description>
  <files>
		<filename xmap_ext="com_vehiclemanager">com_vehiclemanager.php</filename>
  </files>
	<params>
		<param name="show_Vehicle" type="list" default="true" label="Show VehicleManager" description="Set show VehicleManager into menu">
			<option value="true">Yes</option>
			<option value="false">No</option>
			
		</param>
	<param name="orderby" type="list" default="title" label="Order VehicleManager" description="Set the order to display VehicleManager(title,hits,price)">
			<option value="title">Title</option>
			<option value="hits">Hits</option>
			<option value="price">Price</option>
		</param>
		
        </params>
</install>
