<?xml version="1.0" encoding="utf-8"?>
<extension type="plugin" group="xmap" version="3.0">
    <name>Xmap plugin for VehicleManager</name>
    <author>OrdaSoft - Sergey Drughinin, Andrey Kvasnevskiy</author>
    <creationDate>April 2012</creationDate>
    <copyright>(C) 2012 OrdaSoft</copyright>
    <license>http://www.gnu.org/copyleft/gpl.html GNU/GPL</license>
    <authorEmail>Andrey Kvasnevskiy (akbet@ordasoft.com)</authorEmail>
    <authorUrl>http://www.ordasoft.com</authorUrl>
    <version>3.0</version>
    <description>Plugin for XMAP for VehicleManager component.</description>

    <files>
        <filename plugin="com_vehiclemanager">com_vehiclemanager.php</filename>
        <filename plugin="com_vehiclemanager">com_vehiclemanager.xml</filename>
       
    </files>

    <config>
        <fields name="params">
            <fieldset name="basic">
                <field name="show_Vehicle" type="list" default="true" label="Show VehicleManager" description="Set show VehicleManager into menu">
                    <option value="true">Yes</option>
                    <option value="false">No</option>
                </field>

                <field name="orderby" type="list" default="title" label="Order VehicleManager" description="Set the order to display VehicleManager(title,hits,price)">
                    <option value="title">Title</option>
                    <option value="hits">Hits</option>
                    <option value="price">Price</option>
                </field>
            </fieldset>
        </fields>
    </config>
</extension>
