<?xml version="1.0" encoding="utf-8"?>
<install type="module" version="1.5.0">
    <name>VehicleManager Featured Pro</name>
    <author>Andrey Kvasnevskiy</author>
    <creationDate>2012</creationDate>
    <copyright>(C) 2012 OrdaSoft - Andrey Kvasnevskiy</copyright>
    <authorEmail>akbet@mail.ru</authorEmail>
    <authorUrl>www.ordasoft.com</authorUrl>
    <version>2.2</version> 
    <description>Displays a selected list of categories or choose vehicles from the component.</description>

    <files>
        <filename module="mod_vehiclemanager_featured_pro">mod_vehiclemanager_featured_pro.php</filename>
        <filename module="index">index.html</filename>
	<folder>tmpl</folder>
    </files>

<!-- Joomla 1.5 -->

    <params>
          <param
                name="layout" type="list" default="default"
                label="Alternative Layout"
                description="Use a different layout from the supplied module or overrides in the templates.">
                   <option value="default">Default</option>               
          </param>
                     
        <param name="image" type="radio" extension="com_vehiclemanager" default="0" label="Photo Vehicle" description="Show/Hide image. ">
            <option value="0">Hide</option>
            <option value="1">Show</option>
        </param>

        <param name="image_height" type="text" extension="com_vehiclemanager" default="50" label="Set image height" description="Height of vehicle main photo." />

        <param name="image_width" type="text" extension="com_vehiclemanager" default="50" label="Set image width" description="Width of vehicle main photo." />

        <param name="image_source_type" type="list" default="2" label="Image source size" description="Image source size. Than more size - than better image quality, but asked more time for load">
					<option value="0">Big</option>
					<option value="1">Medium</option>
					<option value="2">Small</option>
	</param>
                
        <param name="hits" type="radio" extension="com_vehiclemanager" default="1" label="Show Hits" description="Show/Hide Hits.">
            <option value="0">Hide</option>
            <option value="1">Show</option>
        </param>

        <param name="price" type="radio" extension="com_vehiclemanager" default="0" label="Show price" description="">
            <option value="0">Hide</option>
            <option value="1">Show</option>
        </param>

        <param name="model" type="radio" extension="com_vehiclemanager" default="1" label="Show vehicle model" description="">
            <option value="0">Hide</option>
            <option value="1">Show</option>
        </param>

        <param name="count" type="text" extension="com_vehiclemanager" default="1" label="Count of vehicles " description="Count of vehicles. Zero means not display any vehicles" />

        <param name="cat_id" type="text" extension="com_vehiclemanager" default=" " label="IDs of categories" description="Input IDs of categories through a comma to show all items of this categories. Leave the field empty if you want to show items of all categories. Caution! Do not input IDs of vehicles and categories together!" />

        <param name="vehicle_id" type="text" extension="com_vehiclemanager" default=" " label="IDs of vehicles" description="Input IDs of vehicles through a comma. Leave the field empty if you want to show all items. Caution! Do not input IDs of vehicles and categories together!" />

        <param name="displaytype" type="list" default="Vertical" label="Display Orientation" description="Display either Horizontal or Vertical">
            <option value="0">Vertical</option>
            <option value="1">Horizontal</option>
        </param>
    </params>

    <params group="advanced">  
        <param name="moduleclass_sfx" type="text" default="" label="Module Class Suffix" description="Module Class Suffix: A suffix to be applied to the css class of the module; this allows individual module styling." />
        <param name="ItemId" type="text" multiple="false" size="3" default="" label="ItemId" description="Enter Id for Menu Item vehiclemanager" />
    </params>

<!-- Joomla 2.5 -->
    <config>
        <fields name="params">
            <fieldset name="basic">
	      	<field
			name="layout"
			type="modulelayout"
			label="JFIELD_ALT_LAYOUT_LABEL"
			description="JFIELD_ALT_MODULE_LAYOUT_DESC" />

                <field name="image" type="radio" extension="com_vehiclemanager" default="0" label="Photo Vehicle" description="Show/Hide image. ">
                    <option value="0">Hide</option>
                    <option value="1">Show</option>
                </field>

                <field name="image_height" type="text" extension="com_vehiclemanager" default="50" label="Set image height" description="Height of vehicle main photo." />

                <field name="image_width" type="text" extension="com_vehiclemanager" default="50" label="Set image width" description="Width of vehicle main photo." />
              
                <field name="image_source_type" type="list" default="1" label="Image source size" description="Image source size. Than more size - than better image quality, but asked more time for load">
					<option value="0">BIG</option>
					<option value="1">MEDIUM</option>
					<option value="2">SMALL</option>
		</field>
                
                <field name="hits" type="radio" extension="com_vehiclemanager" default="1" label="Show Hits" description="Show/Hide Hits.">
                    <option value="0">Hide</option>
                    <option value="1">Show</option>
                </field>
              
                <field name="price" type="radio" extension="com_vehiclemanager" default="0" label="Show price" description="">
                    <option value="0">Hide</option>
                    <option value="1">Show</option>
                </field>
              
                <field name="status" type="radio" extension="com_vehiclemanager" default="1" label="Show Vehicle status" description="Show/Hide status.">
                    <option value="0">Hide</option>
                    <option value="1">Show</option>
                </field>

                <field name="model" type="radio" extension="com_vehiclemanager" default="1" label="Show vehicle model" description="">
                    <option value="0">Hide</option>
                    <option value="1">Show</option>
                </field>

                <field name="count" type="text" extension="com_vehiclemanager" default="1" label="Count of vehicles " description="Count of vehicles. Zero means not display any vehicles" />

                <field name="cat_id" type="text" extension="com_vehiclemanager" default=" " label="IDs of categories" description="Input IDs of categories through a comma to show all items of this categories. Leave the field empty if you want to show items of all categories. Caution! Do not input IDs of vehicles and categories together!" />

                <field name="vehicle_id" type="text" extension="com_vehiclemanager" default=" " label="IDs of vehicles" description="Input IDs of vehicles through a comma. Leave the field empty if you want to show all items. Caution! Do not input IDs of vehicles and categories together!" />

                <field name="displaytype" type="list" default="Vertical" label="Display Orientation" description="Display either Horizontal or Vertical">
                    <option value="0">Vertical</option>
                    <option value="1">Horizontal</option>
                </field>
            </fieldset>

            <fieldset name="advanced">
                <field name="moduleclass_sfx" type="text" extension="com_vehiclemanager" default="" label="Module Class Suffix" description="Module Class Suffix: A suffix to be applied to the css class of the module; this allows individual module styling." />
                <field name="ItemId" type="text" multiple="false" size="3" default="" label="ItemId" description="Enter Id for Menu Item vehiclemanager" />
            </fieldset>
        </fields>
    </config>
</install>
