<?xml version="1.0" encoding="utf-8"?>
<metadata>
    <author></author>
    <creationDate></creationDate>
    <copyright>@copyright 2012 Andrey Kvasnevskiy-OrdaSoft(akbet@mail.ru); Rob de Cleen(rob@decleen.com);</copyright>
    <authorEmail>akbet@ordasoft.com</authorEmail>
    <authorUrl>http://www.ordasoft.com/</authorUrl>
    <version>3.0</version>
    <description>VehicleManager</description>

    <menu>
        <options var="task">
            <option value="all_categories" name="All Categories" msg="This menu shows all categories from VehicleManager." />
            <option value="all_vehicle" name="All Vehicle" msg="This menu shows all vehicle from VehicleManager." />
            <option value="alone_category" name="Single Category" msg="This menu shows alone category from VehicleManager." />
            <option value="my_vehicles" name="My Vehicles" msg="This menu shows current user vehicles from VehicleManager." />
            <option value="view_user_vehicles" name="Single User Vehicles" msg="This menu shows user vehicles from VehicleManager."/>
            <option value="owners_list" name="Owners List" msg="This menu shows owners list from VehicleManager." />
            <option value="show_search_vehicle" name="Show Search Vehicle" msg="This menu shows search vehicle from VehicleManager." />
            <option value="view_vehicle" name="View Vehicle" msg="This menu shows particular vehicle from VehicleManager." />
        </options>
    </menu>

    <state switch="task">
        <all_categories>
            <name>All Categories</name>
            <description>This menu shows categories from vehiclemanager.</description>
            <params addpath="/administrator/components/com_vehiclemanager/elements">
              <param name="allcategorylayout" section="com_vehiclemanager" type="allcategorylayout" default="1" label="Select Layout" description="Select Layuot Desc" />
                <param name="back_button" section="com_vehiclemanager" type="list" default="" label="Back Button" description="Show/Hide a Back Button, that returns you to the previously view page">
                    <option value="">Use Global</option>
                    <option value="0">Hide</option>
                    <option value="1">Show</option>
                </param>
            </params>
        </all_categories>
        
        <all_vehicle>
            <name>All Vehicle</name>
            <description>This menu shows all vehicle from VehicleManager.</description>
        <params addpath="/administrator/components/com_vehiclemanager/elements">
          <param name="allvehiclelayout" section="com_vehiclemanager" type="allvehiclelayout" default="1" label="Select layout"  description="Choose a layout" />
	  	  <param name="back_button" section="com_vehiclemanager" type="list" default="" label="Back Button" description="Show/Hide a Back Button" >
                <option value="">Use Global</option>
                <option value="0">Hide</option>
                <option value="1">Show</option>
            </param>            
        </params>
      </all_vehicle>

        <alone_category>
            <name>Single Category</name>
            <description>This menu shows category from VehicleManager.</description>
            <params addpath="/administrator/components/com_vehiclemanager/elements">
              <param name="categorylayout" section="com_vehiclemanager" type="categorylayout" default="1" label="Select Layout" description="Select Layuot Desc" />
                <param name="catid" section="com_vehiclemanager" type="categoryq" default="1" label="Select Category" description="Select Category Desc" />
                <param name="back_button" section="com_vehiclemanager" type="list" default="" label="Back Button" description="Show/Hide a Back Button, that returns you to the previously view page">
                    <option value="">Use Global</option>
                    <option value="0">Hide</option>
                    <option value="1">Show</option>
                </param>
            </params>
        </alone_category>

        <my_vehicles>
            <name>Show My Vehicles</name>
            <description>This menu shows current user vehicles from VehicleManager..</description>
            <params addpath="/administrator/components/com_vehiclemanager/elements">
              <param name="myvehicleslayout" section="com_vehiclemanager" type="myvehicleslayout" default="1" label="Select Layout" description="Select Layuot Desc" />
                <param name="back_button" section="com_vehiclemanager" type="list" default="" label="Back Button" description="Show/Hide a Back Button, that returns you to the previously view page">
                    <option value="">Use Global</option>
                    <option value="0">Hide</option>
                    <option value="1">Show</option>
                </param>
            </params>
        </my_vehicles>

        <view_user_vehicles>
            <name>Owner Vehicles</name>
            <description>This menu shows user vehicles from vehiclemanager.</description>
            <params addpath="/administrator/components/com_vehiclemanager/elements">
                <param name="username" section="com_vehiclemanager" type="user" default="1" label="Select Owner" description="Select Owner Desc" />
                <param name="back_button" section="com_vehiclemanager" type="list" default="" label="Back Button" description="Show/Hide a Back Button, that returns you to the previously view page">
                    <option value="">Use Global</option>
                    <option value="0">Hide</option>
                    <option value="1">Show</option>
                </param>
            </params>
        </view_user_vehicles>

        <owners_list>
            <name>Owners List</name>
            <description>This menu shows owners list from vehiclemanager.</description>
            <params addpath="/administrator/components/com_vehiclemanager/elements">
              <param name="ownerslistlayout" section="com_vehiclemanager" type="ownerslistlayout" default="1" label="Select Layout" description="Select Layuot Desc" />
                <param name="back_button" section="com_vehiclemanager" type="list" default="" label="Back Button" description="Show/Hide a Back Button, that returns you to the previously view page">
                    <option value="">Use Global</option>
                    <option value="0">Hide</option>
                    <option value="1">Show</option>
                </param>
            </params>
        </owners_list>

        <show_search_vehicle>
            <name>Search Vehicle</name>
            <description>This menu shows search vehicle from vehiclemanager.</description>
            <params addpath="/administrator/components/com_vehiclemanager/elements">
              <param name="showsearchvehiclelayout" section="com_vehiclemanager" type="showsearchvehiclelayout" default="1" label="Select Layout" description="Select Layuot Desc" />
                <param name="back_button" section="com_vehiclemanager" type="list" default="" label="Back Button" description="Show/Hide a Back Button, that returns you to the previously view page">
                    <option value="">Use Global</option>
                    <option value="0">Hide</option>
                    <option value="1">Show</option>
                </param>
            </params>
        </show_search_vehicle>

        <view_vehicle>
            <name>View Vehicle</name>
            <description>This menu shows Vehicle from VehicleManager.</description>
            <params addpath="/administrator/components/com_vehiclemanager/elements">
              <param name="viewvehiclelayout" section="com_vehiclemanager" type="viewvehiclelayout" default="1" label="Select Layout" description="Select Layuot Desc" />
                <param name="vehicle" section="com_vehiclemanager" type="vehicle" default="1" label="Select Vehicle" description="Select Vehicle Desc" />
                <param name="back_button" section="com_vehiclemanager" type="list" default="" label="Back Button" description="Show/Hide a Back Button, that returns you to the previously view page">
                    <option value="">Use Global</option>
                    <option value="0">Hide</option>
                    <option value="1">Show</option>
                </param>
            </params>
        </view_vehicle>
        
     </state>
</metadata>
