<?xml version="1.0" encoding="utf-8"?>
<extension version="3.0" type="plugin" group="simplemembership">

    <name>Vehicle and membership</name>
    <author>OrdaSoft </author>
    <creationDate>2012</creationDate>
    <copyright>(C) 2012 OrdaSoft</copyright>
    <license>GNU/GPL http://www.gnu.org/copyleft/gpl.html</license>
    <authorEmail>akbet@mail.ru</authorEmail>
    <authorUrl>www.ordasoft.com</authorUrl>
    <version>3.0 pro</version>
    <description>Vehiclemanager and simplemembership</description>
    <files>
	    <filename plugin="getmyvehiclesTab">getmyvehiclesTab.php</filename>
	    <filename plugin="getmyvehiclesTab">getmyvehiclesTab.xml</filename>
    </files>
  

 
</extension>