<?xml version="1.0" encoding="UTF-8"?>

<cbinstall version="1.0.0" type="plugin" group="user">
    <name>My Vehicles</name>
    <author>OrdaSoft</author>
    <creationDate>April 2012</creationDate>
    <copyright>(C) 2012 www.ordasoft.com</copyright>
    <license>http://www.gnu.org/copyleft/gpl.html GNU/GPL</license>
    <authorUrl>www.ordasoft.com</authorUrl>
    <version>1.0</version>
    <description>
        This is a plugin used to show the vehicles added by each user using VehicleManager for Joomla
    </description>

    <files>
        <filename plugin="myvehicles">myvehicles.php</filename>
        <filename>index.html</filename>
    </files>

    <params>
    </params>

    <tabs>
        <tab name="My Vehicles" description="This tab shows the vehicles added by this user using VehicleManager for Joomla" class="getmyvehiclesTab" fields="0" position="cb_tabmain" displaytype="tab">
            <params>
                <param name="pagination_limit" type="text" default="10" label="Pagination Limit" description="The number of items to show. Leave it to 0 to show all items." />
            </params>
            <fields>
            </fields>
        </tab>
    </tabs>

    <install>
        <queries>
        </queries>
    </install>
    <uninstall>
    </uninstall>
</cbinstall>
